{
  "stress_max": 144.46769997560008,
  "stress_mean": 48.687498766803216,
  "compliance": 68.60287616620899,
  "displacement_max": 0.5076334830568531,
  "mass": 0.15799999999999997,
  "parameters": {
    "h_mm": 10.0,
    "r_mm": 0.0
  }
}