{
  "stress_max": 132.00156684697976,
  "stress_mean": 44.946164291226815,
  "compliance": 64.43768018874509,
  "displacement_max": 0.41220576255265673,
  "mass": 0.179014,
  "parameters": {
    "h_mm": 11.33,
    "r_mm": 0.24
  }
}