{
  "stress_max": 99.32200322539849,
  "stress_mean": 32.58519341262473,
  "compliance": 39.419016201435426,
  "displacement_max": 0.2224841797596264,
  "mass": 0.230522,
  "parameters": {
    "h_mm": 14.59,
    "r_mm": 0.2
  }
}