{
  "stress_max": 93.64200081381894,
  "stress_mean": 34.23111044744854,
  "compliance": 52.49994687948954,
  "displacement_max": 0.22902453563149106,
  "mass": 0.2236141736861865,
  "parameters": {
    "h_mm": 14.75,
    "r_mm": 4.36
  }
}