{
  "stress_max": 82.83387517606069,
  "stress_mean": 31.953526276698973,
  "compliance": 44.52921332876577,
  "displacement_max": 0.19116119754072505,
  "mass": 0.23906214522476404,
  "parameters": {
    "h_mm": 16.05,
    "r_mm": 5.41
  }
}