{
  "stress_max": 72.32340063385199,
  "stress_mean": 25.47237191094051,
  "compliance": 30.246000230972353,
  "displacement_max": 0.15048119078707084,
  "mass": 0.270812,
  "parameters": {
    "h_mm": 17.14,
    "r_mm": 0.05
  }
}