{
  "stress_max": 68.69568927302933,
  "stress_mean": 18.38224529415998,
  "compliance": 37.86122640964491,
  "displacement_max": 0.1280713534574237,
  "mass": 0.29016077789675904,
  "parameters": {
    "h_mm": 18.38,
    "r_mm": 0.7
  }
}