{
  "stress_max": 417.8620767070143,
  "stress_mean": 145.79543096766267,
  "compliance": 400.32482375854954,
  "displacement_max": 1.9584303350776662,
  "mass": 0.08406512285876862,
  "parameters": {
    "h_mm": 5.4,
    "r_mm": 1.59
  }
}