{
  "stress_max": 95.49681412115433,
  "stress_mean": 12.356960930656157,
  "compliance": 13.614394517953745,
  "displacement_max": 0.08558672901534238,
  "mass": 0.12081156572323058,
  "parameters": {
    "h_mm": 8.31,
    "r_mm": 4.71
  }
}