{
  "stress_max": 639.1079625529042,
  "stress_mean": 141.9822777056597,
  "compliance": 127.84885507979061,
  "displacement_max": 0.81162708436431,
  "mass": 0.12272242065253668,
  "parameters": {
    "h_mm": 8.28,
    "r_mm": 4.04
  }
}