{
  "stress_max": 178.44202299122594,
  "stress_mean": 58.42931340424,
  "compliance": 142.09780258644642,
  "displacement_max": 0.585835907827266,
  "mass": 0.142663575630624,
  "parameters": {
    "h_mm": 9.13,
    "r_mm": 1.79
  }
}