{
  "stress_max": 116546705264685.7,
  "compliance": 1165467052646857.0,
  "mass": 5.790712748421356e-05,
  "parameters": {
    "geometry": "cantilever",
    "volfrac": 0.3768711011138325,
    "force_n": 1363.5024841260397,
    "nx": 28,
    "ny": 7,
    "nz": 11
  }
}