{
  "stress_max": 60510486.69030756,
  "compliance": 605104866.9030756,
  "mass": 0.0006263272371143103,
  "parameters": {
    "geometry": "ribbed",
    "volfrac": 0.46246098460390417,
    "force_n": 1892.9525480242617,
    "nx": 26,
    "ny": 7,
    "nz": 6
  }
}