{
  "stress_max": 46565033829809.74,
  "compliance": 465650338298097.4,
  "mass": 0.00011232382530579343,
  "parameters": {
    "geometry": "tapered",
    "volfrac": 0.3777010368016523,
    "force_n": 861.8583519582274,
    "nx": 39,
    "ny": 7,
    "nz": 11
  }
}