{
  "checkpoint": "checkpoints/vae_best.pth",
  "val_iou": 0.8679064852850777,
  "val_bce": 0.01072415460336518,
  "latent_mean_norm": 7.420954704284668,
  "latent_std": 1.3592557907104492,
  "n_val_samples": 77
}