{
  "checkpoint": "checkpoints/vae_best.pth",
  "val_iou": 0.8816536293401347,
  "val_bce": 0.010989778421141884,
  "latent_mean_norm": 7.246158123016357,
  "latent_std": 1.3274708986282349,
  "n_val_samples": 77
}