{
  "stress_max": 614.9403161199792,
  "compliance": 506.0399018291806,
  "mass": 0.10870400000000004,
  "parameters": {
    "h_mm": 15.0,
    "r_mm": 8.0
  }
}