{
  "best_objective": -0.10578860342502594,
  "best_z": [
    -2.674207884667605,
    -2.600376691419204,
    -0.3345195834269877,
    0.40367989246591146,
    -0.285512855790972,
    0.984041811731252,
    -0.66983029872436,
    1.6318517435011441,
    -0.17122189652866093,
    -1.1786646793205366,
    0.4654027339394333,
    -0.5207425540529192,
    1.0068650785326032,
    0.5420382989365288,
    0.3805764793030777,
    -0.06466234016429444
  ],
  "y_history": [
    -0.053703442215919495,
    -0.028787318617105484,
    -0.09769268333911896,
    -0.05663588270545006,
    -0.017692673951387405,
    -0.10578860342502594,
    -0.028077663853764534,
    -0.03485724329948425,
    -0.028689589351415634,
    0.03060111030936241,
    0.01107839122414589,
    -0.015884490683674812,
    0.02963963896036148,
    0.02284960076212883,
    0.021902214735746384,
    0.025567438453435898,
    0.03353780880570412,
    0.011204183101654053,
    0.005325455218553543,
    0.057484112679958344,
    0.048989374190568924,
    0.04690111055970192,
    0.03241517022252083,
    0.03136042505502701,
    0.06281422078609467,
    0.06276440620422363,
    0.06182847172021866,
    0.044028978794813156
  ],
  "best_voxel_occupancy": 0.1615982949733734,
  "best_voxel_shape": [
    32,
    32,
    32
  ]
}