{
  "best_objective": -0.8764532208442688,
  "best_z": [
    0.8356921120651418,
    -1.129706854657618,
    0.5298041779152828,
    1.4415686206579004,
    -2.4716445001272893,
    -0.7968952554704768,
    0.57707212718054,
    -0.2030453860429927,
    0.37114587337130883,
    -0.6039851867158206,
    0.08658978747289992,
    -0.15567723539207948,
    1.1677820616598074,
    0.2544208433012131,
    0.3376026620752022,
    -0.4118769661224674
  ],
  "y_history": [
    0.007410138845443726,
    -0.8764532208442688,
    0.35071679949760437,
    1.0152976512908936,
    0.3670119643211365,
    0.8216265439987183,
    -0.8661869168281555,
    0.6281675696372986,
    1.2070496082305908,
    1.2849079370498657,
    1.4149352312088013,
    1.5001782178878784,
    1.5236560106277466,
    1.5243345499038696,
    1.5427258014678955,
    1.4815925359725952,
    1.6334444284439087,
    1.7803797721862793,
    1.816129446029663,
    1.7507941722869873,
    1.8737107515335083,
    1.8568471670150757,
    1.9173160791397095
  ],
  "best_voxel_occupancy": 0.2728397846221924,
  "best_voxel_shape": [
    32,
    32,
    32
  ]
}