{
  "best_objective": -0.21955883502960205,
  "best_z": [
    -0.5007863824175939,
    1.9070189019105557,
    0.5525331523474403,
    0.29555045097915267,
    0.7079243669696743,
    2.2084505258661813,
    1.998049542287028,
    -1.5795207573125938,
    -1.2105011590693684,
    -1.613410655550792,
    -0.7471078889402628,
    0.054919298652257045,
    0.24201514406779656,
    -1.5304787431872526,
    -1.8673518263691093,
    -0.7647913869554506
  ],
  "y_history": [
    -0.17780330777168274,
    -0.049155961722135544,
    -0.08371022343635559,
    -0.04358552396297455,
    -0.21955883502960205,
    0.0021363338455557823,
    0.0896797850728035,
    0.015261209569871426,
    0.1781003326177597,
    0.33271536231040955,
    0.5554407238960266,
    0.6570417881011963,
    0.5615162253379822,
    0.7400486469268799,
    0.7020218372344971,
    0.6515858769416809,
    0.7351136207580566,
    0.699673593044281,
    0.6775098443031311,
    0.7209693193435669,
    0.7351136207580566,
    0.7351136207580566,
    0.6438107490539551
  ],
  "best_voxel_occupancy": 0.24064984917640686,
  "best_voxel_shape": [
    32,
    32,
    32
  ]
}