{
  "stress_max": 0.0,
  "stress_mean": 0.0,
  "compliance": 6789.658049921606,
  "displacement_max": 88.37503911091486,
  "mass": 0.0,
  "parameters": {}
}