{
  "stress_max": 297207.35000000003,
  "compliance": 2972073.5,
  "mass": 0.01591717079281807,
  "parameters": {
    "geometry": "cantilever",
    "volfrac": 0.3789801869147533,
    "force_n": 1874.0494961084712,
    "nx": 38,
    "ny": 11,
    "nz": 8
  }
}