{
  "stress_max": -885.3335937500001,
  "compliance": -8853.3359375,
  "mass": 0.013082982040941715,
  "parameters": {
    "geometry": "cantilever",
    "volfrac": 0.31149952409260895,
    "force_n": 605.3854650809344,
    "nx": 33,
    "ny": 7,
    "nz": 8
  }
}