{
  "stress_max": 4072.859375,
  "compliance": 40728.59375,
  "mass": 0.01634673960506916,
  "parameters": {
    "geometry": "cantilever",
    "volfrac": 0.389208037187149,
    "force_n": 1744.8296185440443,
    "nx": 33,
    "ny": 7,
    "nz": 11
  }
}