{
  "stress_max": 1789.5675781250002,
  "compliance": 17895.67578125,
  "mass": 0.014799932949244976,
  "parameters": {
    "geometry": "cantilever",
    "volfrac": 0.35237937566289446,
    "force_n": 1826.5830063687122,
    "nx": 30,
    "ny": 6,
    "nz": 10
  }
}