{
  "stress_max": -38047.778125000004,
  "compliance": -380477.78125,
  "mass": 0.017445914447307587,
  "parameters": {
    "geometry": "cantilever",
    "volfrac": 0.41980565215499277,
    "force_n": 1223.9038979781417,
    "nx": 32,
    "ny": 6,
    "nz": 11
  }
}