{
  "stress_max": 15610.65625,
  "compliance": 156106.5625,
  "mass": 0.015410073101520538,
  "parameters": {
    "geometry": "cantilever",
    "volfrac": 0.36690650401418146,
    "force_n": 1284.5776548705403,
    "nx": 28,
    "ny": 9,
    "nz": 9
  }
}