{
  "stress_max": 24753.7234375,
  "compliance": 247537.234375,
  "mass": 0.0154423164203763,
  "parameters": {
    "geometry": "cantilever",
    "volfrac": 0.36767417517023926,
    "force_n": 1714.2354222249842,
    "nx": 30,
    "ny": 11,
    "nz": 8
  }
}