{
  "stress_max": 9909.577343750001,
  "compliance": 99095.7734375,
  "mass": 0.014751539565622807,
  "parameters": {
    "geometry": "cantilever",
    "volfrac": 0.35122713237829845,
    "force_n": 545.7959221910248,
    "nx": 26,
    "ny": 7,
    "nz": 9
  }
}