{
  "stress_max": 207.44301757812502,
  "compliance": 2074.43017578125,
  "mass": 0.05639650672674179,
  "parameters": {
    "geometry": "lbracket",
    "volfrac": 0.26855478533426536,
    "force_n": 536.329803977418,
    "nx": 34,
    "ny": 11,
    "nz": 26
  }
}