{
  "stress_max": 565.090966796875,
  "compliance": 5650.90966796875,
  "mass": 0.07192832231521606,
  "parameters": {
    "geometry": "lbracket",
    "volfrac": 0.3425158097138794,
    "force_n": 555.5536282915772,
    "nx": 26,
    "ny": 9,
    "nz": 26
  }
}