{
  "stress_max": 2774.3250000000003,
  "compliance": 27743.25,
  "mass": 0.05203351750969887,
  "parameters": {
    "geometry": "lbracket",
    "volfrac": 0.24777870487162174,
    "force_n": 1682.013861360137,
    "nx": 28,
    "ny": 9,
    "nz": 32
  }
}