{
  "stress_max": -14938.487500000001,
  "compliance": -149384.875,
  "mass": 0.08149511367082596,
  "parameters": {
    "geometry": "lbracket",
    "volfrac": 0.38809636797609703,
    "force_n": 1469.7586973889547,
    "nx": 29,
    "ny": 11,
    "nz": 32
  }
}