{
  "stress_max": -685.6283691406251,
  "compliance": -6856.28369140625,
  "mass": 0.04262704402208328,
  "parameters": {
    "geometry": "lbracket",
    "volfrac": 0.2029859433997602,
    "force_n": 846.7583826748328,
    "nx": 34,
    "ny": 8,
    "nz": 24
  }
}