{
  "stress_max": 879.934375,
  "compliance": 8799.34375,
  "mass": 0.09954340010881424,
  "parameters": {
    "geometry": "lbracket",
    "volfrac": 0.4740161455272808,
    "force_n": 1131.2112285244095,
    "nx": 31,
    "ny": 8,
    "nz": 30
  }
}