{
  "stress_max": -2023.6859375000001,
  "compliance": -20236.859375,
  "mass": 0.04840006306767464,
  "parameters": {
    "geometry": "lbracket",
    "volfrac": 0.23047646773569908,
    "force_n": 1330.9776309291801,
    "nx": 30,
    "ny": 10,
    "nz": 32
  }
}