{
  "stress_max": 1478.6783203125,
  "compliance": 14786.783203125,
  "mass": 0.09144508093595505,
  "parameters": {
    "geometry": "lbracket",
    "volfrac": 0.43545271766115684,
    "force_n": 959.7787257398652,
    "nx": 25,
    "ny": 10,
    "nz": 35
  }
}