{
  "stress_max": 978.0158203125001,
  "compliance": 9780.158203125,
  "mass": 0.08543145656585693,
  "parameters": {
    "geometry": "lbracket",
    "volfrac": 0.4070719667963968,
    "force_n": 1002.0183084833312,
    "nx": 35,
    "ny": 11,
    "nz": 24
  }
}