{
  "stress_max": -16910.35625,
  "compliance": -169103.5625,
  "mass": 0.05355532467365265,
  "parameters": {
    "geometry": "lbracket",
    "volfrac": 0.25502532978593423,
    "force_n": 1756.5222688698123,
    "nx": 35,
    "ny": 11,
    "nz": 35
  }
}