{
  "stress_max": -93.40011596679688,
  "compliance": -934.0011596679688,
  "mass": 0.10384798049926758,
  "parameters": {
    "geometry": "lbracket",
    "volfrac": 0.49451410122816736,
    "force_n": 671.4338165529559,
    "nx": 32,
    "ny": 10,
    "nz": 30
  }
}