{
  "stress_max": 9942.538281250001,
  "compliance": 99425.3828125,
  "mass": 0.09193436801433563,
  "parameters": {
    "geometry": "lbracket",
    "volfrac": 0.43778266855948866,
    "force_n": 1513.6748946951984,
    "nx": 31,
    "ny": 8,
    "nz": 28
  }
}