{
  "stress_max": 362.219189453125,
  "compliance": 3622.19189453125,
  "mass": 0.07785874605178833,
  "parameters": {
    "geometry": "lbracket",
    "volfrac": 0.37075601214951764,
    "force_n": 578.9481274196148,
    "nx": 32,
    "ny": 8,
    "nz": 26
  }
}