{
  "stress_max": 153.4961669921875,
  "compliance": 1534.961669921875,
  "mass": 0.07249479740858078,
  "parameters": {
    "geometry": "lbracket",
    "volfrac": 0.34521331343120365,
    "force_n": 773.38796073816,
    "nx": 35,
    "ny": 11,
    "nz": 28
  }
}