{
  "stress_max": -1075.20078125,
  "compliance": -10752.0078125,
  "mass": 0.08952826261520386,
  "parameters": {
    "geometry": "lbracket",
    "volfrac": 0.42632505073465643,
    "force_n": 1240.5327764587119,
    "nx": 31,
    "ny": 8,
    "nz": 30
  }
}