{
  "stress_max": 24271.284375000003,
  "compliance": 242712.84375,
  "mass": 0.06377518177032471,
  "parameters": {
    "geometry": "lbracket",
    "volfrac": 0.3036913111756284,
    "force_n": 1363.3721815865551,
    "nx": 28,
    "ny": 9,
    "nz": 28
  }
}