{
  "stress_max": 5820.309375000001,
  "compliance": 58203.09375,
  "mass": 0.09214910119771957,
  "parameters": {
    "geometry": "lbracket",
    "volfrac": 0.4453891061927163,
    "force_n": 1995.9657115535836,
    "nx": 26,
    "ny": 8,
    "nz": 28
  }
}