{
  "stress_max": 4185.96796875,
  "compliance": 41859.6796875,
  "mass": 0.07058294862508774,
  "parameters": {
    "geometry": "lbracket",
    "volfrac": 0.3361092507275232,
    "force_n": 1474.6513906030395,
    "nx": 24,
    "ny": 11,
    "nz": 30
  }
}