{
  "stress_max": 378.06389160156255,
  "compliance": 3780.638916015625,
  "mass": 0.07958236336708069,
  "parameters": {
    "geometry": "lbracket",
    "volfrac": 0.3789636302662406,
    "force_n": 565.2964201490113,
    "nx": 24,
    "ny": 11,
    "nz": 28
  }
}