{
  "stress_max": -1858.2062500000002,
  "compliance": -18582.0625,
  "mass": 0.08971890807151794,
  "parameters": {
    "geometry": "lbracket",
    "volfrac": 0.4272329209731133,
    "force_n": 988.9199332736989,
    "nx": 31,
    "ny": 10,
    "nz": 32
  }
}