{
  "stress_max": 34205.012500000004,
  "compliance": 342050.125,
  "mass": 0.011715549044311047,
  "parameters": {
    "geometry": "ribbed",
    "volfrac": 0.27922594689267716,
    "force_n": 1584.1192606272114,
    "nx": 27,
    "ny": 10,
    "nz": 10
  }
}