{
  "stress_max": 3579.7484375000004,
  "compliance": 35797.484375,
  "mass": 0.009874146431684494,
  "parameters": {
    "geometry": "ribbed",
    "volfrac": 0.23509869972806172,
    "force_n": 1675.9660802377316,
    "nx": 39,
    "ny": 9,
    "nz": 11
  }
}