{
  "stress_max": -27615.662500000002,
  "compliance": -276156.625,
  "mass": 0.016696112230420113,
  "parameters": {
    "geometry": "ribbed",
    "volfrac": 0.39752639919566596,
    "force_n": 1104.7201436847236,
    "nx": 33,
    "ny": 7,
    "nz": 7
  }
}