{
  "stress_max": -11637.153906250001,
  "compliance": -116371.5390625,
  "mass": 0.010427456349134445,
  "parameters": {
    "geometry": "ribbed",
    "volfrac": 0.2482727770172511,
    "force_n": 1750.242004756957,
    "nx": 39,
    "ny": 9,
    "nz": 6
  }
}