{
  "stress_max": 90954.05,
  "compliance": 909540.5,
  "mass": 0.010093241930007935,
  "parameters": {
    "geometry": "ribbed",
    "volfrac": 0.2403152555935048,
    "force_n": 1927.6113608753678,
    "nx": 35,
    "ny": 10,
    "nz": 8
  }
}