{
  "stress_max": 40053.3125,
  "compliance": 400533.125,
  "mass": 0.010914203710854053,
  "parameters": {
    "geometry": "ribbed",
    "volfrac": 0.2598620086033392,
    "force_n": 710.3367799075306,
    "nx": 26,
    "ny": 10,
    "nz": 6
  }
}