{
  "stress_max": 4658.274609375,
  "compliance": 46582.74609375,
  "mass": 0.018506648018956184,
  "parameters": {
    "geometry": "ribbed",
    "volfrac": 0.44063446412379786,
    "force_n": 741.3262043686861,
    "nx": 35,
    "ny": 10,
    "nz": 9
  }
}