{
  "stress_max": 275.8445068359375,
  "compliance": 2758.445068359375,
  "mass": 0.02098674327135086,
  "parameters": {
    "geometry": "ribbed",
    "volfrac": 0.49968431981994776,
    "force_n": 703.9481455528215,
    "nx": 31,
    "ny": 10,
    "nz": 7
  }
}