{
  "stress_max": 2061.1451171875,
  "compliance": 20611.451171875,
  "mass": 0.020958060398697853,
  "parameters": {
    "geometry": "ribbed",
    "volfrac": 0.4990015073232796,
    "force_n": 1028.8998065423139,
    "nx": 30,
    "ny": 11,
    "nz": 7
  }
}