{
  "stress_max": -174170.75,
  "compliance": -1741707.5,
  "mass": 0.016606466844677925,
  "parameters": {
    "geometry": "ribbed",
    "volfrac": 0.39539205669359856,
    "force_n": 1450.4110448474034,
    "nx": 39,
    "ny": 10,
    "nz": 9
  }
}