{
  "stress_max": -6280.121484375,
  "compliance": -62801.21484375,
  "mass": 0.01568334549665451,
  "parameters": {
    "geometry": "ribbed",
    "volfrac": 0.3734130608269579,
    "force_n": 1061.3141424023827,
    "nx": 38,
    "ny": 8,
    "nz": 6
  }
}