{
  "stress_max": -59222.262500000004,
  "compliance": -592222.625,
  "mass": 0.01567964069545269,
  "parameters": {
    "geometry": "tapered",
    "volfrac": 0.37427451961044567,
    "force_n": 1493.3151873638053,
    "nx": 33,
    "ny": 8,
    "nz": 7
  }
}