{
  "stress_max": 3921.878125,
  "compliance": 39218.78125,
  "mass": 0.01460497546941042,
  "parameters": {
    "geometry": "tapered",
    "volfrac": 0.34773749980869534,
    "force_n": 600.8312547474603,
    "nx": 28,
    "ny": 11,
    "nz": 10
  }
}