{
  "stress_max": 10799.66015625,
  "compliance": 107996.6015625,
  "mass": 0.01901242509484291,
  "parameters": {
    "geometry": "tapered",
    "volfrac": 0.45267684417644954,
    "force_n": 1942.113992416277,
    "nx": 32,
    "ny": 10,
    "nz": 8
  }
}