{
  "stress_max": 4819.326953125,
  "compliance": 48193.26953125,
  "mass": 0.0165207888931036,
  "parameters": {
    "geometry": "tapered",
    "volfrac": 0.3933521051436819,
    "force_n": 1612.718814798391,
    "nx": 33,
    "ny": 11,
    "nz": 11
  }
}