{
  "stress_max": 34956.928125,
  "compliance": 349569.28125,
  "mass": 0.010480997152626514,
  "parameters": {
    "geometry": "tapered",
    "volfrac": 0.24954751488876015,
    "force_n": 770.3751180475858,
    "nx": 29,
    "ny": 6,
    "nz": 9
  }
}