{
  "stress_max": -6852.6234375,
  "compliance": -68526.234375,
  "mass": 0.01989402249455452,
  "parameters": {
    "geometry": "tapered",
    "volfrac": 0.4780229055342816,
    "force_n": 1219.685731356902,
    "nx": 31,
    "ny": 6,
    "nz": 10
  }
}