{
  "stress_max": -751.7574218750001,
  "compliance": -7517.57421875,
  "mass": 0.010793635621666908,
  "parameters": {
    "geometry": "tapered",
    "volfrac": 0.25699126533967415,
    "force_n": 1578.3395722418818,
    "nx": 37,
    "ny": 9,
    "nz": 11
  }
}