{
  "stress_max": 51050.490625000006,
  "compliance": 510504.90625,
  "mass": 0.014717591926455498,
  "parameters": {
    "geometry": "tapered",
    "volfrac": 0.3504188274015527,
    "force_n": 1658.2885747502935,
    "nx": 29,
    "ny": 11,
    "nz": 6
  }
}