{
  "stress_max": 13465.7234375,
  "compliance": 134657.234375,
  "mass": 0.014401813969016075,
  "parameters": {
    "geometry": "tapered",
    "volfrac": 0.3475801974784797,
    "force_n": 1936.6984896004035,
    "nx": 35,
    "ny": 7,
    "nz": 11
  }
}