{
  "stress_max": -484.3115234375,
  "compliance": -4843.115234375,
  "mass": 0.02008591592311859,
  "parameters": {
    "geometry": "tapered",
    "volfrac": 0.4782361077208299,
    "force_n": 816.8206005981516,
    "nx": 35,
    "ny": 11,
    "nz": 11
  }
}