{
  "stress_max": 3915.994140625,
  "compliance": 39159.94140625,
  "mass": 0.02047288604080677,
  "parameters": {
    "geometry": "tapered",
    "volfrac": 0.4874496390018243,
    "force_n": 1595.5835029184404,
    "nx": 34,
    "ny": 7,
    "nz": 10
  }
}