{
  "stress_max": 15275.204687500001,
  "compliance": 152752.046875,
  "mass": 0.018659332767128944,
  "parameters": {
    "geometry": "tapered",
    "volfrac": 0.44426977012211777,
    "force_n": 1347.5795508040635,
    "nx": 28,
    "ny": 6,
    "nz": 7
  }
}