{
  "stress_max": 9362.221875000001,
  "compliance": 93622.21875,
  "mass": 0.017505865544080734,
  "parameters": {
    "geometry": "tapered",
    "volfrac": 0.4168063026889557,
    "force_n": 1085.2425511863955,
    "nx": 29,
    "ny": 7,
    "nz": 10
  }
}