{
  "stress_max": 2893.054296875,
  "compliance": 28930.54296875,
  "mass": 0.018353134393692017,
  "parameters": {
    "geometry": "tapered",
    "volfrac": 0.4369794283182463,
    "force_n": 651.8318924910205,
    "nx": 37,
    "ny": 6,
    "nz": 8
  }
}