{
  "stress_max": -45662.39375,
  "compliance": -456623.9375,
  "mass": 0.020129507407546043,
  "parameters": {
    "geometry": "tapered",
    "volfrac": 0.4833534948730735,
    "force_n": 1647.6369433236591,
    "nx": 31,
    "ny": 6,
    "nz": 11
  }
}