{
  "stress_max": 12131.724218750001,
  "compliance": 121317.2421875,
  "mass": 0.009354891255497932,
  "parameters": {
    "geometry": "tapered",
    "volfrac": 0.2227355944124223,
    "force_n": 896.8231715850982,
    "nx": 39,
    "ny": 9,
    "nz": 10
  }
}