{
  "stress_max": -323269.35000000003,
  "compliance": -3232693.5,
  "mass": 0.012323161587119102,
  "parameters": {
    "geometry": "tapered",
    "volfrac": 0.2934085980622827,
    "force_n": 1740.4273178594951,
    "nx": 31,
    "ny": 7,
    "nz": 6
  }
}