{
  "stress_max": 159873.2,
  "compliance": 1598732.0,
  "mass": 0.010009128600358963,
  "parameters": {
    "geometry": "tapered",
    "volfrac": 0.23831256798457756,
    "force_n": 599.0224532116174,
    "nx": 35,
    "ny": 6,
    "nz": 6
  }
}