{
  "stress_max": 219591.5,
  "compliance": 2195915.0,
  "mass": 0.019208144396543503,
  "parameters": {
    "geometry": "tapered",
    "volfrac": 0.4573367107176131,
    "force_n": 1350.3154082080803,
    "nx": 26,
    "ny": 9,
    "nz": 6
  }
}