{
  "stress_max": 52631.50809052347,
  "compliance": 526315.0809052347,
  "mass": 0.0012840168985327437,
  "parameters": {
    "geometry": "cantilever",
    "volfrac": 0.37880620210140564,
    "force_n": 1284.8057540579862,
    "nx": 39,
    "ny": 8,
    "nz": 11
  }
}