{
  "stress_max": 112031.39641361422,
  "compliance": 1120313.964136142,
  "mass": 0.003791666666666666,
  "parameters": {
    "geometry": "lbracket",
    "volfrac": 0.24007181653257764,
    "force_n": 1874.4956649777826,
    "nx": 24,
    "ny": 10,
    "nz": 24
  }
}