{
  "stress_max": 10219.921695389794,
  "compliance": 102199.21695389794,
  "mass": 0.0020073529411764705,
  "parameters": {
    "geometry": "lbracket",
    "volfrac": 0.2450578257343324,
    "force_n": 566.1589144652448,
    "nx": 32,
    "ny": 10,
    "nz": 34
  }
}