{
  "stress_max": 111206.99610387238,
  "compliance": 1112069.9610387238,
  "mass": 0.0018352941176470587,
  "parameters": {
    "geometry": "lbracket",
    "volfrac": 0.33511711273143285,
    "force_n": 1867.5860474026658,
    "nx": 34,
    "ny": 10,
    "nz": 35
  }
}