{
  "stress_max": 11551.116485436354,
  "compliance": 115511.16485436354,
  "mass": 0.0013920454545454544,
  "parameters": {
    "geometry": "lbracket",
    "volfrac": 0.26848734005496755,
    "force_n": 564.6552776695152,
    "nx": 32,
    "ny": 11,
    "nz": 30
  }
}