{
  "stress_max": 123664.37531262949,
  "compliance": 1236643.7531262948,
  "mass": 0.004186254223011211,
  "parameters": {
    "geometry": "ribbed",
    "volfrac": 0.38708470172713016,
    "force_n": 1969.4133147916527,
    "nx": 25,
    "ny": 6,
    "nz": 7
  }
}