{
  "stress_max": 30978.983027463455,
  "compliance": 309789.8302746345,
  "mass": 0.0005366093366093366,
  "parameters": {
    "geometry": "ribbed",
    "volfrac": 0.3848752625024746,
    "force_n": 702.9743243982642,
    "nx": 37,
    "ny": 11,
    "nz": 10
  }
}